<?xml version="1.0" encoding="UTF-8"?>
<GenRun Id="impl_1" LaunchPart="xc7a35tcpg236-1" LaunchTime="1682760386">
  <File Type="ROUTE-PWR" Name="ALU_power_routed.rpt"/>
  <File Type="PA-TCL" Name="ALU.tcl"/>
  <File Type="ROUTE-PWR-SUM" Name="ALU_power_summary_routed.pb"/>
  <File Type="REPORTS-TCL" Name="ALU_reports.tcl"/>
  <File Type="BITSTR-MSK" Name="ALU.msk"/>
  <File Type="ROUTE-CLK" Name="ALU_clock_utilization_routed.rpt"/>
  <File Type="RDI-RDI" Name="ALU.vdi"/>
  <File Type="BG-BIT" Name="ALU.bit"/>
  <File Type="BG-DRC" Name="ALU.drc"/>
  <File Type="BG-BGN" Name="ALU.bgn"/>
  <File Type="BG-BIN" Name="ALU.bin"/>
  <File Type="BITSTR-RBT" Name="ALU.rbt"/>
  <File Type="BITSTR-NKY" Name="ALU.nky"/>
  <File Type="BITSTR-BMM" Name="ALU_bd.bmm"/>
  <File Type="BITSTR-MMI" Name="ALU.mmi"/>
  <File Type="ROUTE-METHODOLOGY-DRC" Name="ALU_methodology_drc_routed.rpt"/>
  <File Type="BITSTR-SYSDEF" Name="ALU.sysdef"/>
  <File Type="BITSTR-LTX" Name="debug_nets.ltx"/>
  <File Type="BITSTR-LTX" Name="ALU.ltx"/>
  <File Type="WBT-USG" Name="usage_statistics_webtalk.html"/>
  <File Type="OPT-DRC" Name="ALU_drc_opted.rpt"/>
  <File Type="OPT-HWDEF" Name="ALU.hwdef"/>
  <File Type="PLACE-IO" Name="ALU_io_placed.rpt"/>
  <File Type="PLACE-UTIL" Name="ALU_utilization_placed.rpt"/>
  <File Type="PLACE-UTIL-PB" Name="ALU_utilization_placed.pb"/>
  <File Type="PLACE-CTRL" Name="ALU_control_sets_placed.rpt"/>
  <File Type="PLACE-PRE-SIMILARITY" Name="ALU_incremental_reuse_pre_placed.rpt"/>
  <File Type="ROUTE-DRC" Name="ALU_drc_routed.rpt"/>
  <File Type="ROUTE-DRC-PB" Name="ALU_drc_routed.pb"/>
  <File Type="ROUTE-PWR-RPX" Name="ALU_power_routed.rpx"/>
  <File Type="ROUTE-STATUS" Name="ALU_route_status.rpt"/>
  <File Type="ROUTE-STATUS-PB" Name="ALU_route_status.pb"/>
  <File Type="ROUTE-DCP" Name="ALU_routed.dcp"/>
  <File Type="ROUTE-ERROR-DCP" Name="ALU_routed_error.dcp"/>
  <File Type="ROUTE-BLACKBOX-DCP" Name="ALU_routed_bb.dcp"/>
  <File Type="ROUTE-TIMINGSUMMARY" Name="ALU_timing_summary_routed.rpt"/>
  <File Type="ROUTE-TIMING-PB" Name="ALU_timing_summary_routed.pb"/>
  <File Type="ROUTE-TIMING-RPX" Name="ALU_timing_summary_routed.rpx"/>
  <File Type="ROUTE-BUS-SKEW" Name="ALU_bus_skew_routed.rpt"/>
  <File Type="ROUTE-BUS-SKEW-PB" Name="ALU_bus_skew_routed.pb"/>
  <File Type="ROUTE-BUS-SKEW-RPX" Name="ALU_bus_skew_routed.rpx"/>
  <File Type="OPT-DCP" Name="ALU_opt.dcp"/>
  <File Type="PLACE-DCP" Name="ALU_placed.dcp"/>
  <File Type="PWROPT-DCP" Name="ALU_pwropt.dcp"/>
  <File Type="POSTPLACE-PWROPT-DCP" Name="ALU_postplace_pwropt.dcp"/>
  <File Type="PHYSOPT-DCP" Name="ALU_physopt.dcp"/>
  <File Type="POSTROUTE-PHYSOPT-DCP" Name="ALU_postroute_physopt.dcp"/>
  <File Type="POSTROUTE-PHYSOPT-BLACKBOX-DCP" Name="ALU_postroute_physopt_bb.dcp"/>
  <File Type="ROUTE-METHODOLOGY-DRC-PB" Name="ALU_methodology_drc_routed.pb"/>
  <File Type="ROUTE-DRC-RPX" Name="ALU_drc_routed.rpx"/>
  <File Type="ROUTE-METHODOLOGY-DRC-RPX" Name="ALU_methodology_drc_routed.rpx"/>
  <File Type="PDI-FILE" Name="ALU.pdi"/>
  <File Type="RCFI_FILE" Name="ALU.rcfi"/>
  <File Type="CFI_FILE" Name="ALU.cfi"/>
  <File Type="RNPI_FILE" Name="ALU.rnpi"/>
  <File Type="NPI_FILE" Name="ALU.npi"/>
  <File Type="RBD_FILE" Name="ALU.rbd"/>
  <File Type="ROUTE-RQS" Name="ALU_routed.rqs"/>
  <File Type="POSTROUTE-PHYSOPT-RQS" Name="ALU_postroute_physopted.rqs"/>
  <File Type="ROUTE-RQS-RPT" Name="route_report_qor_suggestions_0.rpt"/>
  <File Type="POSTROUTE-PHYSOPT-RQS-RPT" Name="postroute_physopt_report_qor_suggestions_0.rpt"/>
  <FileSet Name="sources" Type="DesignSrcs" RelSrcDir="$PSRCDIR/sources_1" RelGenDir="$PGENDIR/sources_1">
    <Filter Type="Srcs"/>
    <File Path="$PSRCDIR/sources_1/new/ALU.v">
      <FileInfo>
        <Attr Name="UsedIn" Val="synthesis"/>
        <Attr Name="UsedIn" Val="implementation"/>
        <Attr Name="UsedIn" Val="simulation"/>
      </FileInfo>
    </File>
    <File Path="$PSRCDIR/sources_1/new/MUX.v">
      <FileInfo>
        <Attr Name="AutoDisabled" Val="1"/>
        <Attr Name="UsedIn" Val="synthesis"/>
        <Attr Name="UsedIn" Val="implementation"/>
        <Attr Name="UsedIn" Val="simulation"/>
      </FileInfo>
    </File>
    <File Path="$PSRCDIR/sources_1/new/controlUnit.v">
      <FileInfo>
        <Attr Name="AutoDisabled" Val="1"/>
        <Attr Name="UsedIn" Val="synthesis"/>
        <Attr Name="UsedIn" Val="implementation"/>
        <Attr Name="UsedIn" Val="simulation"/>
      </FileInfo>
    </File>
    <File Path="$PSRCDIR/sources_1/new/dataMemory.v">
      <FileInfo>
        <Attr Name="AutoDisabled" Val="1"/>
        <Attr Name="UsedIn" Val="synthesis"/>
        <Attr Name="UsedIn" Val="implementation"/>
        <Attr Name="UsedIn" Val="simulation"/>
      </FileInfo>
    </File>
    <File Path="$PSRCDIR/sources_1/new/regFile.v">
      <FileInfo>
        <Attr Name="AutoDisabled" Val="1"/>
        <Attr Name="UsedIn" Val="synthesis"/>
        <Attr Name="UsedIn" Val="implementation"/>
        <Attr Name="UsedIn" Val="simulation"/>
      </FileInfo>
    </File>
    <File Path="$PSRCDIR/sources_1/new/signExtension.v">
      <FileInfo>
        <Attr Name="AutoDisabled" Val="1"/>
        <Attr Name="UsedIn" Val="synthesis"/>
        <Attr Name="UsedIn" Val="implementation"/>
        <Attr Name="UsedIn" Val="simulation"/>
      </FileInfo>
    </File>
    <File Path="$PSRCDIR/sources_1/new/instrMemory.v">
      <FileInfo>
        <Attr Name="AutoDisabled" Val="1"/>
        <Attr Name="UsedIn" Val="synthesis"/>
        <Attr Name="UsedIn" Val="implementation"/>
        <Attr Name="UsedIn" Val="simulation"/>
      </FileInfo>
    </File>
    <Config>
      <Option Name="DesignMode" Val="RTL"/>
      <Option Name="TopModule" Val="ALU"/>
      <Option Name="TopAutoSet" Val="TRUE"/>
    </Config>
  </FileSet>
  <FileSet Name="constrs_in" Type="Constrs" RelSrcDir="$PSRCDIR/constrs_1">
    <Filter Type="Constrs"/>
    <File Path="$PSRCDIR/constrs_1/new/constrs.xdc">
      <FileInfo>
        <Attr Name="UsedIn" Val="synthesis"/>
        <Attr Name="UsedIn" Val="implementation"/>
      </FileInfo>
    </File>
    <Config>
      <Option Name="TargetConstrsFile" Val="$PSRCDIR/constrs_1/new/constrs.xdc"/>
      <Option Name="ConstrsType" Val="XDC"/>
    </Config>
  </FileSet>
  <FileSet Name="utils" Type="Utils" RelSrcDir="$PSRCDIR/utils_1">
    <Filter Type="Utils"/>
    <File Path="$PSRCDIR/utils_1/imports/synth_1/add_one_same_cycle.dcp">
      <FileInfo>
        <Attr Name="UsedIn" Val="synthesis"/>
        <Attr Name="UsedIn" Val="implementation"/>
        <Attr Name="UsedInSteps" Val="synth_1"/>
        <Attr Name="AutoDcp" Val="1"/>
      </FileInfo>
    </File>
    <File Path="$PPRDIR/set_drc_warning.tcl">
      <FileInfo>
        <Attr Name="UsedIn" Val="synthesis"/>
        <Attr Name="UsedIn" Val="implementation"/>
        <Attr Name="UsedIn" Val="simulation"/>
        <Attr Name="UsedInSteps" Val="impl_1;INIT_DESIGN;TCL.PRE"/>
        <Attr Name="UsedInSteps" Val="impl_1;WRITE_BITSTREAM;TCL.PRE"/>
      </FileInfo>
    </File>
    <Config>
      <Option Name="TopAutoSet" Val="TRUE"/>
    </Config>
  </FileSet>
  <Strategy Version="1" Minor="2">
    <StratHandle Name="Vivado Implementation Defaults" Flow="Vivado Implementation 2022"/>
    <Step Id="init_design" PreStepTclHook="$PPRDIR/set_drc_warning.tcl"/>
    <Step Id="opt_design"/>
    <Step Id="power_opt_design"/>
    <Step Id="place_design"/>
    <Step Id="post_place_power_opt_design"/>
    <Step Id="phys_opt_design"/>
    <Step Id="route_design"/>
    <Step Id="post_route_phys_opt_design"/>
    <Step Id="write_bitstream" PreStepTclHook="$PPRDIR/set_drc_warning.tcl"/>
    <Step Id="write_device_image"/>
  </Strategy>
</GenRun>
